{"cameraMode":{"drawMode":0,"name":"Shaded","section":"Shading Mode"},"sceneLighting":true,"audioPlay":false,"sceneViewState":{"m_AlwaysRefresh":false,"showFog":true,"showSkybox":true,"showFlares":true,"showImageEffects":true,"showParticleSystems":true,"showVisualEffectGraphs":true,"m_FxEnabled":false},"in2DMode":false,"pivot":{"x":-1.143446922302246,"y":-18.709413528442384,"z":8.283493995666504},"rotation":{"x":-0.5498815178871155,"y":-0.010918259620666504,"z":0.007176076993346214,"w":-0.8352072834968567},"size":14.483696937561036,"orthographic":false}