{"cameraMode":{"drawMode":0,"name":"Shaded","section":"Shading Mode"},"sceneLighting":true,"audioPlay":false,"sceneViewState":{"m_AlwaysRefresh":false,"showFog":true,"showSkybox":true,"showFlares":true,"showImageEffects":true,"showParticleSystems":true,"showVisualEffectGraphs":true,"m_FxEnabled":false},"in2DMode":false,"pivot":{"x":-8.035584449768067,"y":22.300912857055665,"z":-9.812005043029786},"rotation":{"x":0.617821216583252,"y":-0.024663859978318216,"z":0.019401077181100847,"w":0.7858723402023315},"size":0.36007705330848696,"orthographic":false}