{"cameraMode":{"drawMode":0,"name":"Shaded","section":"Shading Mode"},"sceneLighting":true,"audioPlay":false,"sceneViewState":{"m_AlwaysRefresh":false,"showFog":true,"showSkybox":true,"showFlares":true,"showImageEffects":true,"showParticleSystems":true,"showVisualEffectGraphs":true,"m_FxEnabled":false},"in2DMode":false,"pivot":{"x":-2.203296422958374,"y":16.540054321289064,"z":7.885069370269775},"rotation":{"x":-0.002229033736512065,"y":0.8419093489646912,"z":-0.539929211139679,"w":-0.003701748326420784},"size":1.1631988286972047,"orthographic":false}